fid,sample_id,quality,notes,z_count,z_mean,z_median,z_stdev,z_min,z_max,x_coord,y_coord,z_pred,residual_m
2,F06,fair,Outer entrance floor; farther from bay and mildly trafficked.,4926,6.28064480826858,6.28009390830994,0.0154029233291408,6.24983835220337,6.34208822250366,67929.4037148327,224363.890639462,6.249156365814997,0.03148844245358262
3,F02,good,Smooth floor immediately outside bay entrance.,6233,6.37325962768327,6.37444925308228,0.0196481442916214,6.34171962738037,6.49834489822388,67936.352984539,224370.080465068,6.3642704382170905,0.008989189466179326
7,F04,fair,Exposed entrance floor; slight loose material and texture variation.,5068,6.25093515114984,6.23606824874878,0.0270219968924228,6.1926589012146,6.3008885383606,67931.7964503449,224366.700247835,6.285504526110344,-0.03456937496050383
8,F01,good,Exposed floor near right wall opening; avoids wall and visible aggregate.,4105,6.34624427419052,6.34777641296387,0.0196519831229927,6.29983949661255,6.40932607650757,67934.2883266185,224370.986155725,6.3167687946559,0.02947547953461971
9,F03,fair,Floor near pile toe; minor surface roughness.,4606,6.26928338194949,6.26960062980652,0.0088796013182133,6.23613595962524,6.29491233825684,67933.1104709758,224368.797652467,6.302779040135192,-0.03349565818570177
10,F05,fair,Floor near left side of bay opening; minor disturbance.,4186,6.23404373919856,6.232661485672,0.0070049328662327,6.21996212005615,6.25708246231079,67929.1754239402,224365.635918696,6.235931817506298,-0.0018880783077381835
